Campers,Alice,Smith,03/12/2010
Campers,Bob,Johnson,09/25/2014
Campers,Charlie,Williams,11/08/2012
Campers,David,Jones,07/19/2009
Campers,Emma,Brown,05/30/2011
Campers,Frank,Davis,12/04/2015
Campers,Grace,Miller,02/15/2017
Campers,Henry,Wilson,06/22/2016
Campers,Ivy,Moore,08/11/2013
Campers,Jack,Taylor,01/28/2019
Campers,Katie,Anderson,10/03/2010
Campers,Liam,Thompson,04/17/2011
Campers,Mia,Garcia,07/06/2015
Campers,Noah,Martinez,09/14/2014
Campers,Olivia,Hernandez,06/09/2016
Campers,Peter,Lopez,12/01/2018
Campers,Quinn,Young,03/27/2012
Campers,Rachel,Scott,08/07/2017
Councelors,Sophia,Johnson,06/12/1975
Councelors,Ethan,Williams,08/25/1988
Councelors,Ava,Jones,04/19/1995
NextOfKin,Logan,Brown,11/30/1983
NextOfKin,Isabella,Davis,07/14/1992
NextOfKin,Lucas,Miller,05/18/1978
NextOfKin,Mia,Wilson,09/22/1998
NextOfKin,Alexander,Moore,03/07/1972
NextOfKin,Charlotte,Taylor,10/09/1997
NextOfKin,Liam,Anderson,02/28/1985
Cabins,TheSeniorCabin,4
Cabins,TheJuniorCabin,4
Cabins,TheBeginnerCabin,4